SNP,CLST, MAF,TEMP
18502_23,OGD,0,9.22472
18502_23,SGI,0,10.65276
18502_23,LAS,0,11.29388
18502_23,JER,0,9.95314
18502_23,TOF,0,10.83483
18502_23,CRA,0,10.90472
18502_23,RBY,0,9.99603
18502_23,SHE,0,10.15273
18502_23,MAL,0,9.83073
18502_23,QUA,0,10.26202
18502_23,HOP,0.01471,9.99738
18502_23,TBL,0,8.50814
18502_23,CAL,0.2222,9.48053
18502_23,TOL,0.09259,10.02872
18502_23,PRI,0.1042,8.04726
18502_23,LEG,0.175,6.60605
18502_23,JUA,0.1667,8.01153
18502_23,SEL,0.129,9.96388
18502_23,REN,0.1087,9.89179
18502_23,MAZ,0.1296,7.99241
18502_23,AK1,0.2083,9.12982
18502_23,AK2,0.2407,6.51722
18502_23,AK3,0.22,7.57318
18502_23,AK4,0.1667,6.46446